"Line","Qty","Reference(s)","Value","Footprint","Datasheet","Int @ 10","MPN","Mfr","SKU","Stock Situation","Vendor"
"1","1","C1","10uF","Capacitor_SMD:C_0805_2012Metric","~","0.062","GRM21BR71A106KA73K","MuRata Electronics","81-GRM21BR71A106KA73K","OK @ 2Nov2022","Mouser"
"2","1","C2","100nF","Capacitor_SMD:C_0603_1608Metric","~","0.038","C0603C104K3RAC","KEMET","80-C0603C104K3RAC","OK @ 2Nov2022","Mouser"
"3","2","C3, C19","22uF","Capacitor_SMD:C_1210_3225Metric","~","0.174","CL32B226MOJNNNE","Samsung Electro-Mechanics","187-CL32B226MOJNNNE","OK @ 2Nov2022","Mouser"
"4","3","C4, C6, C10","100nF","Capacitor_SMD:C_0603_1608Metric","~","0.038","C0603C104K3RAC","KEMET","80-C0603C104K3RAC","OK @ 2Nov2022","Mouser"
"5","2","C5, C9","100uF","Capacitor_Tantalum_SMD:CP_EIA-3528-21_Kemet-B","~","0.62","TCJB107M006R0040","Kyocera/AVX","581-TCJB107M006R0040","OK @ 2Nov2022","Mouser"
"6","6","C7, C11, C13, C15, C16, C18","33pF","Capacitor_SMD:C_0603_1608Metric","~","0.026","06035A330KAT2A","AVX","581-06035A330K","OK @ 2Nov2022","Mouser"
"7","2","C8, C12","10pF","Capacitor_SMD:C_0603_1608Metric","~","","","","","",""
"8","2","C14, C17","DNF","Capacitor_SMD:C_0603_1608Metric","~","","","","","",""
"9","2","D1, D2","LED","LED_SMD:LED_0603_1608Metric","~","","","","","",""
"10","1","D3","ESD9B3.3ST5G","Diode_SMD:D_0603_1608Metric","https://www.onsemi.com/pub/Collateral/ESD9B-D.PDF","0.187","ESD9B3.3ST5G","ON Semiconductor","863-ESD9B3.3ST5G","OK @ 2Nov2022","Mouser"
"11","1","D4","ESDA6V1BC6","Package_TO_SOT_SMD:SOT-23-6","http://www.st.com/content/ccc/resource/technical/document/datasheet/21/07/21/e3/a8/df/42/a2/CD00001906.pdf/files/CD00001906.pdf/jcr:content/translations/en.CD00001906.pdf","0.353","ESDA6V1BC6","STMicroelectronics","511-ESDA6V1BC6","OK @ 2Nov2022","Mouser"
"12","1","E1","NN02-201","NN02-201:XCVR_NN02-201","","1.01","NN02-201","Ignion Inc.","128-NN02-201","OK @ 2Nov2022","Mouser"
"13","1","J2","SIM8060-6-1-14-00-A","SIM8060-6-1-14-00-A:GCT_SIM8060-6-1-14-00-A","","1.02","SIM8060-6-1-14-00-A","GCT","640-SIM8060611400A","OK @ 2Nov2022","Mouser"
"14","1","J4","Pogo Pins","art:PogoPins","~","2.13","836-22-004-10-001101","Mill-Max","575-8362200410001101","OK @ 2Nov2022","Mouser"
"15","1","L1","2.2uH","Inductor_SMD:L_Coilcraft_XAL5030","~","2.10","XAL5030-222MEC","Coilcraft Ltd.","994-XAL5030-222MEC","OK @ 2Nov2022","Mouser"
"16","1","L2","0R","Inductor_SMD:L_0603_1608Metric","~","","","","","",""
"17","1","Q1","BC818","Package_TO_SOT_SMD:SOT-23","https://www.onsemi.com/pub/Collateral/BC818-D.pdf","0.436","BC818-40","Diotec Semiconductor Inc","637-BC818-40","OK @ 2Nov2022","Mouser"
"18","1","R1","0R","Resistor_SMD:R_0603_1608Metric","~","","","","","",""
"19","1","R2","36k5","Resistor_SMD:R_0603_1608Metric","~","0.023","CRCW060336K5FKEA","Vishay","71-CRCW060336K5FKEA","","Mouser"
"20","1","R3","10k","Resistor_SMD:R_0603_1608Metric","~","","","","","",""
"21","1","R4","2k2","Resistor_SMD:R_0603_1608Metric","~","","","","","",""
"22","2","R5, R6","4k7","Resistor_SMD:R_0603_1608Metric","~","","","","","",""
"23","1","R7","1k","Resistor_SMD:R_0603_1608Metric","~","","","","","",""
"24","3","R8, R9, R10","0R","Resistor_SMD:R_0603_1608Metric","~","","","","","",""
"25","1","R12","15k","Resistor_SMD:R_0603_1608Metric","~","","","","","",""
"26","1","R15","DNF","Resistor_SMD:R_0603_1608Metric","~","","","","","",""
"27","1","SW1","KMR221GLFS","KMR221GLFS:CK-KMR221GLFS-MFG","https://www.ckswitches.com/media/1479/kmr2.pdf","0.352","KMR221GLFS","C&K","611-KMR221G-LFS","OK @ 2Nov2022","Mouser"
"28","1","U1","AP62301WU7","Package_TO_SOT_SMD:TSOT-23-6","","0.366","AP62301WU-7","Diodes Inc.","621-AP62301WU-7","OK @ 2Nov2022","Mouser"
"29","1","U2","EG25G","EG25G:XCVR_EG25G","","20.00","EG25G","Quectel Wireless Solutions Inc.","","","AliExpress"
"30","1","U3","USBLC6-2SC6","Package_TO_SOT_SMD:SOT-23-6","https://www.st.com/resource/en/datasheet/usblc6-2.pdf","0.554","USBLC6-2SC6","STMicroelectronics","511-USBLC6-2SC6","OK @ 2Nov2022","Mouser"
